name	rule	rule_options	topic_ecosystem
phototroph	@phototroph		traits
CO2-fixation	@CO2fixation		traits
hydrogen-metabolism	@HydrogenUse		traits
obligate-fermenter	@Fermenter		traits
aerobic	@Aerobe		traits
microaerophillic	@Microaerophillic		traits
dissimilatory-nitrogen-reduction	@Nreducer		traits
dissimilatory-nitrate-reduction-to-ammonium (partial or full)	@DNRA		traits
aerobic-ammonia-oxidizer	@AerobicAmmoniaOxidizer		traits
nitrite-oxidizer	@NitriteOxidoreductase		traits
comammox	@Comammox		traits
anaerobic-ammonium-oxidation	@Annamox		traits
nitrogen-fixer	@nitrogen-fixer		traits
iron-reduction	@IronReduction		traits
iron-oxidation	@IronOxidation		traits
sulfate-reduction	@Sulfatereducer		traits
non-sulfate-sulfur-reduction	@ThiosulfateOrTetrathionate		traits
sulfur-oxidizer	@sulfateoxidizer		traits
sulfur-disproporationation	@SulfurDisproporationation		traits
methanogen or ANME	@Methanogen	"{""include_when"":{""all_columns_absent"":[""taxonomy""]}}"	traits
hydrogenotrophic-methanogen	@hydrogenotrophic	"{""include_when"":{""all_columns_present"":[""taxonomy""]}}"	traits
acetoclastic-methanogen	@acetoclastic	"{""include_when"":{""all_columns_present"":[""taxonomy""]}}"	traits
methylotrophic-methanogen	@methylotroph	"{""include_when"":{""all_columns_present"":[""taxonomy""]}}"	traits
aerobic-methanotroph	@AerobicMethanotroph		traits
anaerobic-methanotrophic-Archaea	@anaerobic-methanotrophic-Archaea	"{""include_when"":{""all_columns_present"":[""taxonomy""]}}"	traits
nitrite-oxidizer-or-nitrate-reducer	@NOxorRed		traits
ammonia-or-methane-oxidizer	@AmmoniaMethaneOxidizer		traits
probable-iron-reduction	@ProbIronReduction		traits
